{"cameraMode":{"drawMode":0,"name":"Shaded","section":"Shading Mode"},"sceneLighting":false,"audioPlay":false,"sceneViewState":{"m_AlwaysRefresh":false,"showFog":true,"showSkybox":false,"showFlares":true,"showImageEffects":true,"showParticleSystems":true,"showVisualEffectGraphs":true,"m_FxEnabled":true},"in2DMode":false,"pivot":{"x":-0.04483366012573242,"y":0.8030457496643066,"z":-1.2484512329101563},"rotation":{"x":-0.6969583630561829,"y":-0.08693312108516693,"z":0.08574347198009491,"w":-0.7066439390182495},"size":1.1697322130203248,"orthographic":false}